<?xml version="1.0" encoding="UTF-8"?>

<!DOCTYPE mapper PUBLIC "-//mybatis.org//DTD Mapper 3.0//En" "http://mybatis.org/dtd/mybatis-3-mapper.dtd">

<mapper namespace="With">

<!-- 
크거나 같다와 같은 부등호 기호를 이용할 때는 CDATA로 쿼리문을 감싸줘야함
![CDATA[쿼리문]]> 부등호 쓰려면
 -->

<!-- 기사 회원가입 -->
<insert id="DriverJoin" parameterType="with">
insert into member
(ID, PASSWORD, GENDER, EMAIL, TEL, ADDRESS,CERTIFICATE,PASSUSER,NAME)
values(#{Id},#{Password},#{Gender},#{Email},#{Tel},#{Address},#{Certificate},2,#{Name})
</insert>

<!-- 유저회원가입 -->
<insert id="UserJoin" parameterType="with">
insert into member
(ID,PASSWORD,GENDER,EMAIL,TEL,ADDRESS,PASSUSER,NAME)
VALUES(#{Id},#{Password},#{Gender},#{Email},#{Tel},#{Address},1,#{Name})
</insert>

<!-- 로그인 -->
<select id="Login" parameterType="with" resultType="with">
select * from member where ID=#{Id} and password=#{Password}
</select>

<!--Main  -->
<select id="Main" parameterType="with" resultType="with">
select * from member where ID=#{Id}
</select>

<!-- 유저정보 변경 -->
<update id="UserUpdate" parameterType="with">
UPDATE member SET email=#{Email},TEL=#{Tel},Address=#{Address},NAME=#{Name} WHERE id=#{Id}
</update>

<!-- 운전자 정보 변경 -->
<update id="DriverUpdate" parameterType="with">
UPDATE member SET email=#{Email},TEL=#{Tel},address=#{Address},certificate=#{Certificate},NAME=#{Name}  WHERE id=#{Id}
</update>


<!-- 아이디 중복확인 -->
<select id="idOverlap" parameterType="with" resultType="with">
SELECT * FROM MEMBER WHERE id=#{id}
</select>

<!-- max(RoomId) 찾기 -->
<select id="RoomId" resultType="String">
select max(ROOMID) AS ROOMID from ROOM
</select>

<!-- CreateRoom 방만들기 처음에 insert -->
<insert id="CreateRoom" parameterType="room">
insert into ROOM(roomId,RStart,REnd,PreTime,PreDistance,PreMoney,Rid1) values(#{roomId},#{rStart},#{rEnd},#{preTime},#{preDistance},#{preMoney},#{rId1})
</insert>

<!-- RoomList
<select id="RoomList" parameterType="int" resultType="room">
SELECT * FROM ROOM WHERE Roomid=#{insertRoomId}
</select> -->

<!-- CreateRoom 방 옵션, 최대인원 추가 -->
<update id="CreateRealRoom" parameterType="with">
update room set OPGENDER=#{opGender},MAXIMUM=#{maximum} where ROOMID = #{roomId}
</update>

<!-- 예상금액 따로 넣어주기 -->
<update id="CreateRealRoom2" parameterType="with">
update room set OPGENDER=#{opGender},MAXIMUM=#{maximum},FinalMoney=#{finalMoney} where ROOMID = #{roomId}
</update>

<!-- SelectRoom -->
<select id="SelectRoom" parameterType="room" resultType="room">
select * from room where roomId=#{roomId}
</select>

<!-- ReservationRoom -->
<update id="ReservationRoom" parameterType="with">
update room set OPGENDER=#{opGender},MAXIMUM=#{maximum},DAYDAY=#{dayDay},TIMES=#{times} where ROOMID = #{roomId}
</update>

<!--RoomList  -->
<select id="RoomList" parameterType="room" resultType="room">
SELECT * FROM ROOM ORDER BY ROOMID
</select>

<!-- Id1 -->
<select id="Id1" parameterType="room" resultType="String">
SELECT rId1 FROM ROOM WHERE ROOMID = #{roomId}
</select>

<!-- UpdateId1 -->
<update id="UpdateId1" parameterType="room">
UPDATE ROOM SET RID1=#{rId1} WHERE roomId = #{roomId}
</update>

<!--RoomInfo  -->
<select id="RoomInfo" parameterType="room" resultType="room">
SELECT * FROM ROOM WHERE ROOMID = #{roomId}
</select>

<!-- Id2 -->
<select id="Id2" parameterType="room" resultType="String">
SELECT rId2 FROM ROOM WHERE ROOMID = #{roomId}
</select>

<!-- UpdateId2 -->
<update id="UpdateId2" parameterType="room">
UPDATE ROOM SET RID2=#{rId2} WHERE roomId = #{roomId}
</update>

<!-- Id3 -->
<select id="Id3" parameterType="room" resultType="String">
SELECT rId3 FROM ROOM WHERE ROOMID = #{roomId}
</select>

<!-- UpdateId3 -->
<update id="UpdateId3" parameterType="room">
UPDATE ROOM SET RID3=#{rId3} WHERE roomId = #{roomId}
</update>

<!-- Id4 -->
<select id="Id4" parameterType="room" resultType="String">
SELECT rId4 FROM ROOM WHERE ROOMID = #{roomId}
</select>

<!-- UpdateId4 -->
<update id="UpdateId4" parameterType="room">
UPDATE ROOM SET RID4=#{rId4} WHERE roomId = #{roomId}
</update>

<!-- SelectMax -->
<select id="SelectMax" parameterType="room" resultType="String">
SELECT maximum FROM ROOM WHERE ROOMID = #{roomId}
</select>

</mapper>